{
    "accuracy": 0.9091660923501034,
    "precision": 0.9085706537071732,
    "recall": 0.9091660923501034,
    "f1_score": 0.9081134855323952
}